<instance description="Improves Scout LOS" template="upgrade">
	<group name="upgrade_bag" comment="NOT USED">
		<bool name="enable_in_hold" value="False" />
		<float name="global_max_limit" value="0" />
		<bool name="has_speech_code" value="False" />
		<float name="local_max_limit" value="1" />
		<enum name="owner_type" value="player" />
		<group name="time_cost">
			<enum_table name="cost">
				<float name="action" value="0" />
				<float name="command" value="0" />
				<float name="popcap" value="0" />
				<float name="food" value="0" />
				<float name="wood" value="0" />
				<float name="stone" value="0" />
				<float name="gold" value="0" />
				<float name="militia_hre" value="0" />
			</enum_table>
			<float name="time_seconds" value="60" />
		</group>
		<bool name="ui_event_cue" value="True" />
		<enum name="ui_production_group" value="command_panel" />
		<group name="ui_info">
			<locstring name="extra_text" value="11190375" />
			<locstring name="help_text" value="11190371" />
			<string name="hotkey_name" value="z" />
			<file name="icon_name" value="races\common\upgrades\hunting_scout" />
			<bool name="reveal_for_decryption" value="False" />
			<locstring name="screen_name" value="11190379" />
			<locstring name="brief_text" value="0" />
			<locstring name="screen_name_short" value="0" />
			<string name="debug_text" value="" />
			<string name="tooltip_data_template" value="BuildingUpgradeDataTemplate" />
			<enum name="ui_combine_type" value="intersection" />
			<template_reference name="brief_text_formatter" value="">
			</template_reference>
			<template_reference name="extra_text_formatter" value="">
			</template_reference>
			<template_reference name="help_text_formatter" value="">
			</template_reference>
			<template_reference name="screen_name_formatter" value="">
			</template_reference>
			<template_reference name="screen_name_short_formatter" value="">
			</template_reference>
			<string name="sound" value="sfx_ui_produce_upgrade_building_click" />
			<string name="sound_alternative" value="" />
			<int name="global_unit_control_row" value="1" />
		</group>
		<list name="requirements">
			<template_reference name="required" value="requirements\required_player_upgrade">
				<enum name="reason" value="usage" />
				<locstring name="ui_name" value="0" />
				<bool name="is_present" value="True" />
				<int name="max_completed" value="100" />
				<int name="min_completed" value="1" />
				<instance_reference name="upgrade_name" value="upgrade\dev\ages\feudal_age" />
				<bool name="include_queued" value="False" />
				<group name="include_pbg_parenting">
					<bool name="include_child_pbgs" value="False" />
					<bool name="include_parent_pbgs" value="False" />
				</group>
				<bool name="include_completed" value="True" />
			</template_reference>
			<template_reference name="required" value="requirements\required_player_upgrade">
				<enum name="reason" value="usage_and_display" />
				<locstring name="ui_name" value="0" />
				<bool name="is_present" value="False" />
				<int name="max_completed" value="100" />
				<int name="min_completed" value="1" />
				<instance_reference name="upgrade_name" value="upgrade\races\sultanate\research\upgrade_scout_forester_sul" mod="eeeddc9bf9524792af996847df2aab66" />
				<bool name="include_queued" value="True" />
				<group name="include_pbg_parenting">
					<bool name="include_child_pbgs" value="False" />
					<bool name="include_parent_pbgs" value="False" />
				</group>
				<bool name="include_completed" value="True" />
			</template_reference>
			<template_reference name="required" value="requirements\required_player_upgrade">
				<enum name="reason" value="usage" />
				<locstring name="ui_name" value="0" />
				<bool name="is_present" value="False" />
				<int name="max_completed" value="100" />
				<int name="min_completed" value="1" />
				<instance_reference name="upgrade_name" value="upgrade\races\mongol\research\upgrade_scout_forester_improved_mon" />
				<bool name="include_queued" value="False" />
				<group name="include_pbg_parenting">
					<bool name="include_child_pbgs" value="False" />
					<bool name="include_parent_pbgs" value="False" />
				</group>
				<bool name="include_completed" value="True" />
			</template_reference>
			<template_reference name="required" value="requirements\required_player_upgrade">
				<enum name="reason" value="usage_and_display" />
				<locstring name="ui_name" value="0" />
				<bool name="is_present" value="False" />
				<int name="max_completed" value="100" />
				<int name="min_completed" value="1" />
				<instance_reference name="upgrade_name" value="upgrade\races\mongol\research\upgrade_scout_forester_improved_mon" />
				<bool name="include_queued" value="True" />
				<group name="include_pbg_parenting">
					<bool name="include_child_pbgs" value="False" />
					<bool name="include_parent_pbgs" value="False" />
				</group>
				<bool name="include_completed" value="True" />
			</template_reference>
			<template_reference name="required" value="requirements\required_any_in_list">
				<enum name="reason" value="usage_and_display" />
				<locstring name="ui_name" value="0" />
				<list name="requirements">
					<template_reference name="requirement" value="requirements\required_not">
						<enum name="reason" value="usage" />
						<locstring name="ui_name" value="0" />
						<list name="requirement_table">
							<template_reference name="required" value="requirements\required_race">
								<enum name="reason" value="usage" />
								<locstring name="ui_name" value="0" />
								<instance_reference name="race" value="racebps\sultanate" />
							</template_reference>
						</list>
					</template_reference>
					<template_reference name="requirement" value="requirements\required_statemodelbool">
						<locstring name="ui_name" value="0" />
						<enum name="reason" value="usage" />
						<enum name="key" value="califate_fort_tier_1_sul" />
						<enum name="data_source_type" value="player_datasource" />
						<bool name="default_value" value="False" />
						<bool name="compare_to_value" value="True" />
					</template_reference>
					<template_reference name="requirement" value="requirements\required_is_entity_pbg">
						<enum name="reason" value="usage" />
						<locstring name="ui_name" value="0" />
						<instance_reference name="is_entity_pbg" value="ebps\races\sultanate\buildings\building_town_center_sul\building_town_center_capital_sul" />
						<group name="include_pbg_parenting">
							<bool name="include_child_pbgs" value="False" />
							<bool name="include_parent_pbgs" value="False" />
						</group>
					</template_reference>
				</list>
			</template_reference>
			<template_reference name="required" value="requirements\required_player_upgrade">
				<enum name="reason" value="usage_and_display" />
				<locstring name="ui_name" value="0" />
				<bool name="is_present" value="False" />
				<int name="max_completed" value="100" />
				<int name="min_completed" value="1" />
				<instance_reference name="upgrade_name" value="upgrade\races\sultanate\research\upgrade_keep_scout_forester_sul" mod="eeeddc9bf9524792af996847df2aab66" />
				<bool name="include_queued" value="True" />
				<group name="include_pbg_parenting">
					<bool name="include_child_pbgs" value="False" />
					<bool name="include_parent_pbgs" value="False" />
				</group>
				<bool name="include_completed" value="True" />
			</template_reference>
			<template_reference name="required" value="requirements\required_player_upgrade">
				<enum name="reason" value="usage" />
				<locstring name="ui_name" value="0" />
				<bool name="is_present" value="False" />
				<int name="max_completed" value="100" />
				<int name="min_completed" value="1" />
				<instance_reference name="upgrade_name" value="upgrade\races\sultanate\research\upgrade_keep_scout_forester_sul" mod="eeeddc9bf9524792af996847df2aab66" />
				<bool name="include_queued" value="False" />
				<group name="include_pbg_parenting">
					<bool name="include_child_pbgs" value="False" />
					<bool name="include_parent_pbgs" value="False" />
				</group>
				<bool name="include_completed" value="True" />
			</template_reference>
		</list>
		<file name="ui_kicker_icon_name" value="" />
		<locstring name="ui_squad_name_override" value="0" />
		<locstring name="ui_squad_help_text_override" value="0" />
		<locstring name="ui_squad_extra_text_override" value="0" />
		<list name="ui_preview">
		</list>
		<string name="speech_code" value="" />
		<file name="ui_squad_portrait_icon_override" value="" />
		<group name="ui_position">
			<int name="ui_position_row" value="2" />
			<int name="ui_position_column" value="1" />
		</group>
		<float name="min_music_intensity" value="0" />
		<group name="state_tree_references">
			<template_reference name="on_begin_action_tree" value="state_tree_reference_info">
				<state_tree_node name="ActionTree_OpeningBranch" value="" />
				<bool name="start_suspended" value="False" />
			</template_reference>
			<template_reference name="on_action_tree" value="state_tree_reference_info">
				<state_tree_node name="ActionTree_OpeningBranch" value="upgrade_scout\upgrade_scout_forester" />
				<bool name="start_suspended" value="False" />
			</template_reference>
			<template_reference name="on_cancel_action_tree" value="state_tree_reference_info">
				<state_tree_node name="ActionTree_OpeningBranch" value="" />
				<bool name="start_suspended" value="False" />
			</template_reference>
			<template_reference name="on_action_entity_tree" value="state_tree_reference_info">
				<state_tree_node name="ActionTree_OpeningBranch" value="" />
				<bool name="start_suspended" value="False" />
			</template_reference>
			<template_reference name="on_action_squad_tree" value="state_tree_reference_info">
				<state_tree_node name="ActionTree_OpeningBranch" value="" />
				<bool name="start_suspended" value="False" />
			</template_reference>
		</group>
		<list name="upgrade_type">
			<enum name="upgrade_type" value="military_upgrade" />
		</list>
		<string name="requirements_openingbranch" value="" />
		<instance_reference name="ui_menu" value="menu\sultanate\keep_town_center_menu_sul" />
		<bool name="is_progress_permanent" value="True" />
		<group name="ui_codex_info">
			<int name="priority" value="0" />
			<bool name="exclusive" value="False" />
			<group name="ui_position">
				<int name="ui_position_column" value="-1" />
				<int name="ui_position_row" value="-1" />
			</group>
		</group>
		<group name="filter_conditions">
			<state_tree_node name="apply_to_filter_condition_statetree_ref" value="" />
			<enum name="apply_to_target_type" value="entity" />
			<list name="apply_to_unit_classes">
			</list>
			<enum name="apply_to_application_type" value="current_and_future_units" />
			<enum name="apply_to_future_units" value="current_and_future_units" />
		</group>
		<enum_table name="squad_cost">
			<float name="action" value="0" />
			<float name="command" value="0" />
			<float name="popcap" value="0" />
			<float name="food" value="0" />
			<float name="wood" value="0" />
			<float name="stone" value="0" />
			<float name="gold" value="0" />
			<float name="militia_hre" value="0" />
		</enum_table>
		<list name="float_properties">
		</list>
		<list name="int_properties">
		</list>
		<enum name="ui_group_cast_type" value="single" />
	</group>
	<uniqueid name="pbgid" value="187533" />
	<instance_reference name="parent_pbg" value="" />
</instance>