<instance description="" template="ebps">
	<list name="extensions" comment="This object is a dummy entity in place of a &quot;starting building&quot; in the Mongol &quot;army&quot; instance. A null field causes issues. It should have no visuals.&#xD;&#xA;-Sept 2, 2020">
		<template_reference name="exts" value="ebpextensions\entity_blueprint_ext">
			<file name="alternate_sua" value="" />
			<bool name="always_revealed_in_fow" value="False" />
			<bool name="is_visible_in_game" value="False" />
			<int name="precise_size" value="-1" />
			<enum name="default_spawn_type" value="" />
			<instance_reference name="unit_badge" value="" />
			<bool name="is_spawned_when_not_in_interactive_area" value="True" />
			<bool name="is_wreck" value="False" />
			<instance_reference name="animator_attachments" value="attachments\attachment_lists\_tech_art\_invisible_object" />
			<float name="animator_scale" value="100" />
			<bool name="browsable_in_editor" value="False" />
			<float name="entity_scale" value="100" />
			<enum name="subclass_type" value="Generic" />
		</template_reference>
		<template_reference name="exts" value="ebpextensions\sim_entity_ext">
			<float name="rotate_snap" value="360" />
			<bool name="kill_paradrop" value="False" />
			<enum name="transferable" value="None" />
		</template_reference>
		<template_reference name="exts" value="ebpextensions\site_ext">
			<bool name="snap_to_terrain" value="False" />
			<float name="extra_build_test_footprint_x" value="0" />
			<float name="extra_build_test_footprint_z" value="0" />
			<float name="extra_build_test_footprint_offset_x" value="0" />
			<float name="extra_build_test_footprint_offset_z" value="0" />
			<float name="minimum_build_test_footprint_x" value="0" />
			<float name="minimum_build_test_footprint_z" value="0" />
			<enum name="impass_cell_check" value="AllCellsFree" />
			<group name="footprint_scale">
				<float name="x" value="0" />
				<float name="y" value="0" />
			</group>
			<bool name="forced_axis_aligned_footprint" value="False" />
			<bool name="remove_if_constructed_over" value="True" />
			<list name="snap_to_surface_types">
				<enum name="surface_type" value="Ground" />
			</list>
			<bool name="snap_to_construction_grid" value="False" />
		</template_reference>
		<template_reference name="exts" value="ebpextensions\type_ext">
			<enum name="weapon_targeting" value="no_targeting" />
			<bool name="intersection_testing" value="False" />
			<list name="unit_type_list">
			</list>
			<list name="race_type_list">
			</list>
			<list name="attack_target_restriction_on_attacker">
			</list>
			<list name="attack_target_restriction_on_victim">
			</list>
			<enum_table name="weapon_category_targeting_filter">
				<bool name="1melee" value="True" />
				<bool name="2ranged" value="True" />
				<bool name="3siege" value="False" />
				<bool name="4charge" value="True" />
				<bool name="5brace" value="True" />
				<bool name="6auto_ability_cast" value="True" />
				<bool name="7single_cast_ability" value="True" />
				<bool name="8dummy" value="False" />
				<bool name="9idle" value="True" />
			</enum_table>
			<list name="unit_type_list_selection_keybind_only">
			</list>
			<list name="unit_type_list_ui_appear_as_only">
			</list>
		</template_reference>
		<template_reference name="exts" value="ebpextensions\modifier_ext">
		</template_reference>
		<template_reference name="exts" value="ebpextensions\requirement_ext">
			<list name="requirement_table" overrideParent="True">
				<template_reference name="required" value="requirements\required_any_in_list">
					<enum name="reason" value="usage" />
					<locstring name="ui_name" value="11142919" />
					<list name="requirements">
						<template_reference name="requirement" value="requirements\required_statemodelbool">
							<locstring name="ui_name" value="11142919" />
							<enum name="reason" value="usage" />
							<enum name="key" value="player_can_construct_structures" />
							<enum name="data_source_type" value="player_datasource" />
							<bool name="default_value" value="False" />
							<bool name="compare_to_value" value="True" />
						</template_reference>
						<template_reference name="requirement" value="requirements\required_structure">
							<enum name="reason" value="usage" />
							<locstring name="ui_name" value="0" />
							<instance_reference name="structure_name" value="ebps\races\core\buildings\building_town_center" />
							<int name="required_structure_count" value="1" />
							<bool name="check_team" value="False" />
							<bool name="require_construction_complete" value="True" />
							<group name="include_pbg_parenting">
								<bool name="include_child_pbgs" value="True" />
								<bool name="include_parent_pbgs" value="False" />
							</group>
						</template_reference>
					</list>
				</template_reference>
			</list>
			<state_tree_node name="requirement_statetree" value="" />
		</template_reference>
	</list>
	<uniqueid name="pbgid" value="1154588" />
	<instance_reference name="parent_pbg" value="" />
</instance>