<instance description="" template="ebps">
	<list name="extensions">
		<template_reference name="exts" value="ebpextensions\construction_ext">
			<bool name="automatic_fit_on_placement" value="False" />
			<float name="cancel_refund_percentage" value="100" />
			<string name="construction_state_name" value="construction_state" />
			<float name="construction_transition_time" value="0" />
			<bool name="force_construction" value="False" />
			<float name="max_engineers" value="0" />
			<instance_reference name="on_construction_squad" value="" />
			<float name="orientation" value="0" />
			<enum name="placement_type" value="tp_structure" />
			<bool name="prefer_spots_on_side_with_leader" value="False" />
			<bool name="query_abilities_for_range_ui" value="False" />
			<bool name="random_rotation" value="False" />
			<float name="replace_ghost_distance" value="5" />
			<bool name="self_construct" value="False" />
			<group name="field_placement_info">
				<instance_reference name="border_entity" value="" />
				<instance_reference name="replace_entity" value="" />
				<int name="replace_count" value="0" />
				<float name="replace_retry_distance" value="0" />
			</group>
			<instance_reference name="placement_valid" value="ui_rectangle\construction_placement_valid" />
			<instance_reference name="placement_invalid" value="ui_rectangle\construction_placement_invalid" />
			<instance_reference name="ui_range" value="" />
			<float name="ui_range_radius" value="0" />
			<instance_reference name="ui_setfacing" value="" />
			<bool name="query_weapon_for_range_ui" value="False" />
			<group name="placement_requirements">
				<bool name="must_be_in_line_of_sight" value="False" />
				<bool name="must_not_be_in_walkable_surfaces" value="False" />
				<bool name="must_be_on_strategic_point" value="False" />
				<list name="requirements">
				</list>
				<float name="spacing_distance" value="0" />
				<bool name="skip_impass_checks_and_ignore_immovable_entities" value="False" />
				<string name="state_tree_conditions" value="" />
				<bool name="must_be_in_explored_area" value="True" />
				<bool name="must_be_on_movement_node" value="False" />
				<list name="placement_requirement_options">
					<template_reference name="placement_requirement_option" value="options\placement\requirements\placement_requirement_pass_types_option">
						<list name="required_pass_types">
							<group name="pass_type_data">
								<instance_reference name="pass_type" value="pass_types\infantry" />
								<int name="minimum_contiguous_cell_count" value="1" />
							</group>
						</list>
						<list name="forbidden_pass_types">
							<instance_reference name="pass_type" value="pass_types\water_default" />
						</list>
						<bool name="use_simbox_scale_as_footprint" value="False" />
					</template_reference>
				</list>
				<locstring name="ui_usage_txt" value="0" />
			</group>
			<bool name="squad_ignore_pathfinding" value="False" />
			<bool name="can_be_cancelled" value="True" />
			<template_reference name="construction_health_option" value="options\ebpextensions\constructionext\construction_health_option">
				<float name="initial_health" value="500" />
			</template_reference>
			<float name="min_music_intensity" value="1" />
			<string name="tooltip_data_template" value="BuildingWonderDataTemplate" />
			<enum name="placement_set_facing_style" value="disabled" />
			<group name="facing_quadrants">
				<int name="search_radius_metres" value="0" />
				<int name="radius_metres" value="0" />
				<group name="quadrants">
					<enum name="front" value="None" />
					<enum name="rear" value="None" />
					<enum name="left" value="None" />
					<enum name="right" value="None" />
				</group>
			</group>
			<bool name="facing_surface_normal" value="False" />
			<group name="fixed_rotation_impass_avoidance">
				<int name="minimum_search_radius_cells" value="7" />
				<bool name="use_impass_avoidance" value="True" />
			</group>
			<group name="on_construction_complete_state_tree_refs">
				<string name="on_construction_complete_entity_state_tree_ref" value="" />
				<string name="on_construction_complete_physical_state_tree_ref" value="" />
				<string name="on_construction_complete_squad_state_tree_ref" value="" />
				<string name="on_construction_plan_complete_global_state_tree_ref" value="" />
				<string name="while_construction_complete_entity_state_tree_ref" value="house_of_wisdom_construction_complete_abb" overrideParent="True" />
				<string name="while_construction_complete_physical_state_tree_ref" value="" />
			</group>
			<state_tree_node name="can_be_cancelled_state_tree_conditions" value="" />
			<bool name="query_movement_node_modifier_for_range_ui" value="True" />
			<enum name="entity_placement_class" value="" />
			<bool name="show_ability_range_in_construction_item_preview" value="False" />
			<bool name="construction_site_erase_inactive" value="False" />
			<group name="preview_upgrade_effects">
				<string name="statemachine_key" value="" />
				<string name="on_key" value="" />
				<string name="off_key" value="" />
				<enum name="unit_type" value="" />
				<instance_reference name="reticule" value="" />
				<float name="reticule_radius" value="0" />
				<template_reference name="area_info" value="">
				</template_reference>
			</group>
			<bool name="placement_position_ignores_walkable_surfaces" value="False" />
		</template_reference>
		<template_reference name="exts" value="ebpextensions\ui_ext">
			<bool name="ap_killed_kicker" value="True" />
			<bool name="ap_loss_kicker" value="True" />
			<float name="decorator_height" value="10" overrideParent="True" />
			<string name="extra_text_deprecated" value="" />
			<bool name="ghost_enable" value="True" />
			<locstring name="help_text" value="0" />
			<string name="hotkey_name" value="X" />
			<file name="icon_name" value="races\abbasid\buildings\building_landmark_house_of_wisdom" overrideParent="True" />
			<enum name="kill_type" value="building" />
			<bool name="minimap_enable" value="True" />
			<bool name="minimap_team_only" value="False" />
			<bool name="minimap_teamcolor" value="True" />
			<string name="overlay_name" value="" />
			<bool name="reveal_for_decryption" value="False" />
			<locstring name="screen_name" value="11121608" />
			<enum name="selection_name" value="building" />
			<float name="selection_scale" value="1" />
			<enum name="selection_type" value="multi_entity_select" />
			<locstring name="tooltip_txt" value="0" />
			<int name="ui_priority" value="0" />
			<file name="minimap_icon" value="minimap\landmark" />
			<float name="minimap_icon_scale" value="0.3" />
			<file name="portrait_icon" value="" />
			<locstring name="brief_text" value="0" />
			<locstring name="extra_text" value="0" />
			<bool name="show_in_build_log" value="True" />
			<locstring name="screen_name_short" value="0" />
			<bool name="show_entity_appearance" value="True" />
			<locstring name="screen_name_world" value="0" />
			<locstring name="help_text_world" value="0" />
			<locstring name="extra_text_world" value="0" />
			<enum name="map_rotation_type_override" value="no_override" />
			<file name="symbol_icon_name" value="" />
			<enum name="occlusion_state" value="terrain_layer" />
			<enum name="decorator_visibility" value="visible" />
			<bool name="skin_pack_override" value="False" />
			<string name="skin_summer" value="" />
			<string name="skin_winter" value="" />
			<enum name="selection_method" value="obb_adjusted_to_terrain" />
			<enum name="targeting_and_bandbox_selection_priority" value="lowest" />
			<colour name="minimap_color" value="*" />
			<group name="terrain_info_display_offset">
				<float name="x" value="-225" />
				<float name="y" value="-175" />
			</group>
			<string name="decorator_ledger_key" value="" />
			<instance_reference name="decorator_ledger_bar_style" value="" />
			<enum name="selection_name_squad_override" value="" />
			<string name="selection_grouping_ledger_key" value="" />
			<string name="debug_text" value="" overrideParent="True" />
			<string name="selection_datatemplate" value="BuildingWonderDataTemplate" />
			<bool name="use_construction_range_on_selection" value="False" />
			<bool name="use_combat_range_on_selection" value="False" />
			<bool name="is_armoured" value="False" />
			<string name="decorator_data_template" value="HouseOfWisdomDistrictLandmarkDecoratorModel" overrideParent="True" />
			<enum name="ui_combine_type" value="intersection" />
			<bool name="spotted_on_spawn" value="False" />
			<instance_reference name="district_info" value="ui_district_info\abbasid\golden_age_tiers" overrideParent="True" />
			<bool name="force_facing_and_range_visual_to_center_on_entity" value="False" />
			<bool name="is_unique_to_race" value="True" />
			<float name="kicker_offset" value="0" />
			<group name="selection_secondary_bounds_scale">
				<float name="x" value="1" />
				<float name="y" value="1" />
				<float name="z" value="1" />
			</group>
			<enum name="decorator" value="EntityDistrictLandmark" overrideParent="True" />
			<int name="map_layer" value="0" />
			<enum name="map_mark" value="CustomStructure" />
			<file name="portrait_name" value="" />
			<group name="ui_codex_info">
				<int name="priority" value="5000" overrideParent="True" />
				<bool name="exclusive" value="False" />
				<group name="ui_position">
					<int name="ui_position_column" value="-1" />
					<int name="ui_position_row" value="-1" />
				</group>
			</group>
			<list name="custom_selection_obbs">
			</list>
			<list name="ui_extra_infos" overrideParent="True">
				<template_reference name="ui_extra_info" value="info\ui_extra_info">
					<file name="icon" value="influence_buff" overrideParent="True" />
					<locstring name="description" value="0" />
					<template_reference name="description_formatter" value="ui_text_formatter" overrideParent="True">
						<list name="formatter_arguments">
							<int name="int_value" value="5" overrideParent="True" />
						</list>
						<locstring name="formatter" value="11197638" />
					</template_reference>
				</template_reference>
			</list>
			<template_reference name="help_text_formatter" value="">
			</template_reference>
			<template_reference name="extra_text_formatter" value="">
			</template_reference>
			<template_reference name="extra_text_world_formatter" value="">
			</template_reference>
			<template_reference name="help_text_world_formatter" value="">
			</template_reference>
			<template_reference name="screen_name_formatter" value="">
			</template_reference>
			<template_reference name="screen_name_short_formatter" value="">
			</template_reference>
			<template_reference name="screen_name_world_formatter" value="">
			</template_reference>
			<template_reference name="brief_text_formatter" value="">
			</template_reference>
			<string name="sound" value="" />
			<string name="sound_alternative" value="" />
			<string name="telemetry_name" value="House of Wisdom" overrideParent="True" />
			<string name="selection_group" value="" />
			<group name="selection_obb_size">
				<float name="x" value="1" />
				<float name="y" value="1" />
				<float name="z" value="1" />
			</group>
			<float name="kicker_offset_world" value="0" />
			<int name="global_unit_control_row" value="-1" />
			<string name="tooltip_data_template" value="" />
		</template_reference>
		<template_reference name="exts" value="ebpextensions\requirement_ext">
			<list name="requirement_table" overrideParent="True">
			</list>
			<state_tree_node name="requirement_statetree" value="" />
		</template_reference>
		<template_reference name="exts" value="ebpextensions\entity_blueprint_ext">
			<file name="alternate_sua" value="art\civilizations\abbasids\structures\landmark_house_of_wisdom\abb_landmark_house_of_wisdom_control\layout_house_of_wisdom" overrideParent="True" />
			<bool name="always_revealed_in_fow" value="False" />
			<bool name="is_visible_in_game" value="True" />
			<int name="precise_size" value="-1" />
			<enum name="default_spawn_type" value="" />
			<instance_reference name="unit_badge" value="" />
			<bool name="is_spawned_when_not_in_interactive_area" value="True" />
			<bool name="is_wreck" value="False" />
			<instance_reference name="animator_attachments" value="attachments\attachment_lists\races\core\buildings\building_wonder_age2" />
			<float name="animator_scale" value="100" />
			<bool name="browsable_in_editor" value="True" overrideParent="True" />
			<float name="entity_scale" value="100" />
			<enum name="subclass_type" value="Building" />
		</template_reference>
		<template_reference name="exts" value="ebpextensions\cost_ext">
			<group name="time_cost">
				<enum_table name="cost">
					<float name="action" value="0" />
					<float name="popcap" value="0" />
					<float name="command" value="0" />
					<float name="food" value="0" overrideParent="True" />
					<float name="wood" value="50" overrideParent="True" />
					<float name="stone" value="0" />
					<float name="gold" value="0" overrideParent="True" />
					<float name="militia_hre" value="0" />
				</enum_table>
				<float name="time_seconds" value="30" overrideParent="True" />
				<int name="time_turns" value="0" />
			</group>
		</template_reference>
		<template_reference name="exts" value="ebpextensions\action_apply_ext">
			<list name="action_state_trees" overrideParent="True">
				<group name="container">
					<string name="state_tree" value="building_action_apply\buildings\landmark_age_1_action_apply" overrideParent="True" />
				</group>
			</list>
			<bool name="reset_on_load" value="True" />
			<list name="physical_state_trees">
			</list>
			<list name="deferred_action_state_trees">
			</list>
			<list name="action_state_trees_run_once">
			</list>
			<list name="deferred_action_state_trees_run_once">
			</list>
			<list name="physical_state_trees_run_once">
			</list>
		</template_reference>
		<template_reference name="exts" value="ebpextensions\health_ext">
			<bool name="can_repair" value="True" />
			<bool name="cuttable" value="False" />
			<string name="death_event_name" value="death" />
			<float name="death_seconds" value="-1" />
			<bool name="delete_when_dead" value="False" />
			<bool name="force_attacker_memory" value="False" />
			<float name="hitpoints" value="2000" overrideParent="True" />
			<bool name="is_invincible" value="False" />
			<bool name="is_salvagable_wreck" value="False" />
			<instance_reference name="rebuilt_entity" value="" />
			<instance_reference name="rebuilt_squad" value="" />
			<bool name="rebuilt_use_wreck_owner" value="True" />
			<bool name="receive_weapon_cover_modifiers" value="False" />
			<float name="regeneration" value="0" />
			<bool name="regeneration_disabled" value="True" />
			<bool name="remove_from_pathfinding_on_death" value="False" />
			<bool name="reveal_to_all_on_death" value="False" />
			<bool name="ui_can_scuttle" value="True" />
			<float name="target_size" value="5" />
			<float name="weapon_priority" value="10" />
			<template_reference name="wreck_entity_option" value="options\none">
			</template_reference>
			<enum name="armor_type" value="None" />
			<template_reference name="armor_layout_option" value="options\ebpextensions\healthext\armor_layouts\armor_layout_uniform">
				<float name="armor" value="1" />
			</template_reference>
			<enum name="allegiance_override" value="none" />
			<bool name="not_default_attackable" value="False" />
			<enum_table name="armor_scaler_by_damage_type">
				<float name="True Damage" value="0" />
				<float name="Melee" value="0" />
				<float name="Ranged" value="50" />
				<float name="Fire" value="5" overrideParent="True" />
			</enum_table>
			<template_reference name="self_destruct_action_tree" value="state_tree_reference_info">
				<state_tree_node name="ActionTree_OpeningBranch" value="" />
				<bool name="start_suspended" value="False" />
			</template_reference>
			<template_reference name="rebuilt_entity_action_tree" value="state_tree_reference_info">
				<state_tree_node name="ActionTree_OpeningBranch" value="" />
				<bool name="start_suspended" value="False" />
			</template_reference>
			<template_reference name="on_received_damage_action_tree" value="state_tree_reference_info">
				<state_tree_node name="ActionTree_OpeningBranch" value="" />
				<bool name="start_suspended" value="False" />
			</template_reference>
			<state_tree_node name="death_action_tree" value="building_death_actions\landmarks\landmarks_age1\abb_house_of_wisdom" overrideParent="True" />
			<state_tree_node name="on_reach_invulnerable_min_cap_entity_state_tree_ref" value="" />
			<state_tree_node name="on_reach_max_health_entity_state_tree_ref" value="" />
			<bool name="can_be_damaged_by_ally" value="False" />
		</template_reference>
		<template_reference name="exts" value="ebpextensions\hit_object_ext">
			<instance_reference name="hit_material" value="hit_material\stone" />
			<float name="hit_chance" value="1" />
			<template_reference name="projectile_reflect_option" value="options\none">
			</template_reference>
			<enum name="projectile_collision_check_type" value="main_simbox_only" />
			<group name="shot_collision">
				<enum_table name="pass_through_relation">
					<bool name="undefined" value="False" />
					<bool name="enemy" value="True" />
					<bool name="ally" value="True" />
					<bool name="neutral" value="True" />
				</enum_table>
				<enum_table name="pass_through_projectile">
					<bool name="tp_artillery" value="True" />
					<bool name="tp_collide" value="False" />
					<bool name="tp_vehicle_collide" value="True" />
					<bool name="tp_piercing_blockers_only" value="True" />
				</enum_table>
				<bool name="pass_through_weapon_ranged_non_projectile" value="False" />
				<bool name="collide_with_missed_ranged_weapon_shots" value="True" />
			</group>
		</template_reference>
		<template_reference name="exts" value="ebpextensions\type_ext">
			<enum name="weapon_targeting" value="automatic" />
			<bool name="intersection_testing" value="False" />
			<list name="unit_type_list" overrideParent="True">
				<enum name="unit_type" value="building" />
				<enum name="unit_type" value="wonder" />
				<enum name="unit_type" value="wonder_feudal_age" />
				<enum name="unit_type" value="siegeable" />
				<enum name="unit_type" value="select_special_building" />
				<enum name="unit_type" value="house_of_wisdom_abb" overrideParent="True" />
				<enum name="unit_type" value="golden_age_tier_1_building_abb" />
			</list>
			<list name="race_type_list" overrideParent="True">
				<instance_reference name="race_type" value="racebps\abbasid" />
			</list>
			<list name="attack_target_restriction_on_attacker">
			</list>
			<list name="attack_target_restriction_on_victim">
			</list>
			<enum_table name="weapon_category_targeting_filter">
				<bool name="1melee" value="False" />
				<bool name="2ranged" value="False" />
				<bool name="3siege" value="True" />
				<bool name="4charge" value="True" />
				<bool name="5brace" value="True" />
				<bool name="6auto_ability_cast" value="True" />
				<bool name="7single_cast_ability" value="True" />
				<bool name="8dummy" value="False" />
				<bool name="9idle" value="True" />
			</enum_table>
			<list name="unit_type_list_selection_keybind_only">
			</list>
			<list name="unit_type_list_ui_appear_as_only">
			</list>
		</template_reference>
		<template_reference name="exts" value="ebpextensions\sight_ext">
			<group name="detect_camouflage">
				<float name="tp_global" value="10" />
				<float name="tp_mine" value="0" />
				<float name="tp_unit" value="0" />
			</group>
			<bool name="extended_sight" value="False" />
			<float name="extended_sight_radius" value="0" />
			<float name="reveal_area_on_death_time" value="1.5" />
			<group name="sight_package">
				<float name="inner_height" value="8" overrideParent="True" />
				<float name="inner_radius" value="20" />
				<float name="outer_height" value="0" />
				<float name="outer_radius" value="25" />
				<float name="cone_angle" value="360" />
				<float name="cone_start_radius" value="0" />
			</group>
			<list name="extended_sight_target_requirements">
			</list>
			<list name="specific_detector_actions">
			</list>
			<bool name="camouflage_detection_enabled" value="False" />
			<group name="vertical_truesight">
				<bool name="enable" value="False" />
				<float name="tolerance" value="1" />
				<float name="eye_height" value="2.5" />
			</group>
			<bool name="blockers_check_bounding_box" value="False" />
		</template_reference>
		<template_reference name="exts" value="ebpextensions\burn_ext">
			<float name="on_fire_damage_per_sec" value="10" />
			<float name="on_fire_decay_amount_per_sec" value="0" />
			<float name="on_fire_threshold" value="59" overrideParent="True" />
			<float name="max_fire_damage_per_second" value="10000" />
			<float name="on_fire_health_percentage" value="0.25" />
		</template_reference>
		<template_reference name="exts" value="ebpextensions\interactive_object_ext">
			<list name="type_list">
				<group name="type">
					<enum name="interaction_type" value="repair" />
					<int name="prefer_number" value="-1" />
					<int name="max_number" value="-1" />
					<enum name="interaction_target_type" value="entity" />
					<template_reference name="node_list_option" value="options\none">
					</template_reference>
					<bool name="block_pathing_when_interacted" value="False" />
				</group>
				<group name="type">
					<enum name="interaction_type" value="construct" />
					<int name="prefer_number" value="-1" />
					<int name="max_number" value="-1" />
					<enum name="interaction_target_type" value="entity" />
					<template_reference name="node_list_option" value="options\none">
					</template_reference>
					<bool name="block_pathing_when_interacted" value="False" />
				</group>
			</list>
		</template_reference>
		<template_reference name="exts" value="ebpextensions\sim_entity_ext">
			<float name="rotate_snap" value="360" />
			<bool name="kill_paradrop" value="False" />
			<enum name="transferable" value="None" />
		</template_reference>
		<template_reference name="exts" value="ebpextensions\line_of_sight_ext">
			<group name="blocking_box">
				<float name="x" value="0.01" />
				<float name="y" value="0.01" />
				<float name="z" value="0.01" />
			</group>
			<bool name="is_shot_blocking" value="False" />
			<bool name="use_blocking_box" value="False" />
			<bool name="reveal_center_when_outside_is_visible" value="True" />
			<enum name="does_block_line_of_sight" value="never" />
			<list name="blocked_weapon_types">
			</list>
			<bool name="disable_shot_blocking_on_death" value="False" />
		</template_reference>
		<template_reference name="exts" value="ebpextensions\modifier_ext">
		</template_reference>
		<template_reference name="exts" value="ebpextensions\site_ext">
			<bool name="snap_to_terrain" value="False" />
			<float name="extra_build_test_footprint_x" value="0" />
			<float name="extra_build_test_footprint_z" value="0" />
			<float name="extra_build_test_footprint_offset_x" value="0" />
			<float name="extra_build_test_footprint_offset_z" value="0" />
			<float name="minimum_build_test_footprint_x" value="0" />
			<float name="minimum_build_test_footprint_z" value="0" />
			<enum name="impass_cell_check" value="AllCellsFree" />
			<group name="footprint_scale">
				<float name="x" value="10" overrideParent="True" />
				<float name="y" value="10" overrideParent="True" />
			</group>
			<bool name="forced_axis_aligned_footprint" value="True" />
			<bool name="remove_if_constructed_over" value="False" />
			<list name="snap_to_surface_types">
				<enum name="surface_type" value="Ground" />
			</list>
			<bool name="snap_to_construction_grid" value="True" />
		</template_reference>
		<template_reference name="exts" value="ebpextensions\ability_ext">
			<list name="abilities" overrideParent="True">
				<instance_reference name="ability" value="abilities\always_on_abilities\abbasid\golden_age\golden_age_tier_1" />
				<instance_reference name="ability" value="abilities\always_on_abilities\abbasid\golden_age\golden_age_tier_2" overrideParent="True" />
				<instance_reference name="ability" value="abilities\always_on_abilities\abbasid\golden_age\golden_age_tier_3" overrideParent="True" />
				<instance_reference name="ability" value="abilities\always_on_abilities\abbasid\passives\golden_age_bonus_1_abb" />
				<instance_reference name="ability" value="abilities\modal_abilities\abbasid\golden_age_passive_abb" />
				<instance_reference name="ability" value="abilities\always_on_abilities\abbasid\passives\how_influence_abb" overrideParent="True" />
			</list>
		</template_reference>
		<template_reference name="exts" value="ebpextensions\impass_ext">
			<bool name="cant_build" value="True" />
			<group name="impass_simboxes">
				<bool name="default_simbox" value="True" />
				<list name="named_simboxes">
				</list>
			</group>
			<list name="block_path">
				<instance_reference name="path_type" value="pass_types\infantry" />
				<instance_reference name="path_type" value="pass_types\vehicle" />
			</list>
			<bool name="should_rasterize_partial_cells" value="False" />
			<enum name="blocker_lifetime_type" value="match_entity" />
			<file name="stamp_blockers" value="" />
			<group name="center_cell">
				<bool name="cant_build" value="False" />
				<list name="block_path">
				</list>
			</group>
		</template_reference>
		<template_reference name="exts" value="ebpextensions\statemodel_ext">
			<instance_reference name="schema" value="statemodel_schema\buildings\civilizations\abbasid\house_of_wisdom_abb" overrideParent="True" />
		</template_reference>
		<template_reference name="exts" value="ebpextensions\animation_action_tree_ext">
			<state_tree_node name="ActionTree_OpeningBranch" value="building" />
			<bool name="use_root_motion" value="False" />
			<bool name="start_suspended" value="False" />
			<enum name="entity_statetree_sort_tag" value="Default" />
			<float name="speed_scale_threshold" value="100" />
			<string name="default_animation" value="" />
		</template_reference>
		<template_reference name="exts" value="ebpextensions\tier_ext">
			<list name="tier_group_list" overrideParent="True">
				<list name="tier_group">
					<group name="tier">
						<list name="tier_requirements">
						</list>
						<instance_reference name="attachments" value="attachments\attachment_lists\civilizations\abbasid\buildings\house_of_wisdom_abb\house_of_wisdom_control_abb" overrideParent="True" />
						<template_reference name="statetree_tier_reached_actions" value="state_tree_reference_info">
							<state_tree_node name="ActionTree_OpeningBranch" value="" />
							<bool name="start_suspended" value="False" />
						</template_reference>
						<instance_reference name="statetree_tier_requirements_pbg" value="" />
						<instance_reference name="statetree_tier_pgb_upgrade_target_entity" value="" />
						<instance_reference name="statetree_tier_pgb_upgrade_target_squad" value="" />
						<string name="tier_attachment_action" value="" />
						<template_reference name="blueprint_conversion_parameters" value="blueprint_conversion_parameters">
							<bool name="reissue_commands" value="False" />
							<bool name="continue_state_trees" value="False" />
							<bool name="remove_from_pending_deaths" value="False" />
						</template_reference>
						<string name="inventory_category_to_refresh_on_tier_up" value="" />
					</group>
				</list>
				<list name="tier_group" overrideParent="True">
					<group name="tier">
						<list name="tier_requirements">
						</list>
						<instance_reference name="attachments" value="attachments\attachment_lists\civilizations\abbasid\outskirts\general\abb_houseofwisdom" overrideParent="True" />
						<template_reference name="statetree_tier_reached_actions" value="state_tree_reference_info">
							<state_tree_node name="ActionTree_OpeningBranch" value="" />
							<bool name="start_suspended" value="False" />
						</template_reference>
						<instance_reference name="statetree_tier_requirements_pbg" value="" />
						<instance_reference name="statetree_tier_pgb_upgrade_target_entity" value="" />
						<instance_reference name="statetree_tier_pgb_upgrade_target_squad" value="" />
						<string name="tier_attachment_action" value="" />
						<template_reference name="blueprint_conversion_parameters" value="blueprint_conversion_parameters">
							<bool name="reissue_commands" value="False" />
							<bool name="continue_state_trees" value="False" />
							<bool name="remove_from_pending_deaths" value="False" />
						</template_reference>
						<string name="inventory_category_to_refresh_on_tier_up" value="" />
					</group>
				</list>
			</list>
		</template_reference>
		<template_reference name="exts" value="ebpextensions\action_tree_ext">
			<state_tree_node name="ActionTree_OpeningBranch" value="unit_building" />
			<bool name="start_suspended" value="False" />
			<state_tree_node name="fallback_default_move_command_conditions" value="" />
			<list name="events">
			</list>
			<enum name="stop_on_death" value="Default" />
		</template_reference>
		<template_reference name="exts" value="ebpextensions\speech_ext">
			<string name="speaker_code" value="" />
			<group name="speech_parameters">
				<string name="class_code" value="" />
				<string name="name_code" value="" />
				<string name="unit_code" value="" />
			</group>
			<int name="importance" value="25" />
		</template_reference>
		<template_reference name="exts" value="ebpextensions\entity_targeting_ext">
			<bool name="allow_weapon_target_scanning" value="False" />
			<int name="history_size" value="2" />
			<bool name="allow_entity_scan_close_enemies" value="False" />
		</template_reference>
		<template_reference name="exts" value="ebpextensions\marker_ext">
		</template_reference>
		<template_reference name="exts" value="ebpextensions\road_ext">
			<list name="roads">
			</list>
		</template_reference>
		<template_reference name="exts" value="ebpextensions\boundary_cells_ext">
			<list name="additional_boundary_simboxes">
			</list>
			<list name="waypoint_caching">
			</list>
			<bool name="allow_cells_across_impasse" value="True" />
			<bool name="allow_cells_on_wall" value="True" />
			<list name="center_cells">
			</list>
		</template_reference>
		<template_reference name="exts" value="ebpextensions\upgrade_ext">
			<bool name="must_be_in_supply" value="False" />
			<float name="number_of_standard_slots" value="-1" />
			<list name="standard_upgrades" overrideParent="True">
				<instance_reference name="upgrade" value="upgrade\races\abbasid\research\house_of_wisdom\upgrade_add_culture_wing" overrideParent="True" />
				<instance_reference name="upgrade" value="upgrade\races\abbasid\research\house_of_wisdom\upgrade_add_economy_wing" overrideParent="True" />
				<instance_reference name="upgrade" value="upgrade\races\abbasid\research\house_of_wisdom\upgrade_add_military_wing" overrideParent="True" />
				<instance_reference name="upgrade" value="upgrade\races\abbasid\research\house_of_wisdom\upgrade_add_trade_wing" overrideParent="True" />
				<instance_reference name="upgrade" value="upgrade\races\abbasid\research\house_of_wisdom\upgrade_add_culture_wing_feudal" overrideParent="True" />
				<instance_reference name="upgrade" value="upgrade\races\abbasid\research\house_of_wisdom\upgrade_add_economy_wing_feudal" overrideParent="True" />
				<instance_reference name="upgrade" value="upgrade\races\abbasid\research\house_of_wisdom\upgrade_add_military_wing_feudal" overrideParent="True" />
				<instance_reference name="upgrade" value="upgrade\races\abbasid\research\house_of_wisdom\upgrade_add_trade_wing_feudal" overrideParent="True" />
				<instance_reference name="upgrade" value="upgrade\races\abbasid\research\house_of_wisdom\upgrade_add_culture_wing_castle" overrideParent="True" />
				<instance_reference name="upgrade" value="upgrade\races\abbasid\research\house_of_wisdom\upgrade_add_economy_wing_castle" overrideParent="True" />
				<instance_reference name="upgrade" value="upgrade\races\abbasid\research\house_of_wisdom\upgrade_add_military_wing_castle" overrideParent="True" />
				<instance_reference name="upgrade" value="upgrade\races\abbasid\research\house_of_wisdom\upgrade_add_trade_wing_castle" overrideParent="True" />
				<instance_reference name="upgrade" value="upgrade\races\abbasid\research\house_of_wisdom\upgrade_add_culture_wing_imperial" overrideParent="True" />
				<instance_reference name="upgrade" value="upgrade\races\abbasid\research\house_of_wisdom\upgrade_add_economy_wing_imperial" overrideParent="True" />
				<instance_reference name="upgrade" value="upgrade\races\abbasid\research\house_of_wisdom\upgrade_add_military_wing_imperial" overrideParent="True" />
				<instance_reference name="upgrade" value="upgrade\races\abbasid\research\house_of_wisdom\upgrade_add_trade_wing_imperial" overrideParent="True" />
				<instance_reference name="upgrade" value="upgrade\races\abbasid\research\upgrade_econ_agriculture_abb" />
				<instance_reference name="upgrade" value="upgrade\races\abbasid\research\upgrade_econ_improved_carry_capacity_abb" />
				<instance_reference name="upgrade" value="upgrade\races\abbasid\research\upgrade_econ_improved_processing_abb" />
				<instance_reference name="upgrade" value="upgrade\races\abbasid\research\upgrade_mil_camel_archers_improved_weapon_abb" />
				<instance_reference name="upgrade" value="upgrade\races\abbasid\research\upgrade_mil_mameluke_shields_abb" />
				<instance_reference name="upgrade" value="upgrade\races\abbasid\research\upgrade_mil_camel_support_abb" />
				<instance_reference name="upgrade" value="upgrade\races\abbasid\research\upgrade_trade_commodity_trade_abb" />
				<instance_reference name="upgrade" value="upgrade\races\abbasid\research\upgrade_trade_gold_income_abb" />
				<instance_reference name="upgrade" value="upgrade\races\abbasid\research\upgrade_trade_trader_armor_abb" />
				<instance_reference name="upgrade" value="upgrade\races\abbasid\research\upgrade_cul_cheaper_research_abb" />
				<instance_reference name="upgrade" value="upgrade\races\abbasid\research\upgrade_cul_conversion_invuln_abb" />
				<instance_reference name="upgrade" value="upgrade\races\abbasid\research\upgrade_cul_medical_centers_abb" />
			</list>
			<int name="max_queue_size_override" value="-1" />
			<state_tree_node name="production_item_completed_openingbranch" value="" />
		</template_reference>
		<template_reference name="exts" value="ebpextensions\hit_react_tree_ext">
			<state_tree_node name="ActionTree_OpeningBranch" value="building_hit_tree" />
		</template_reference>
		<template_reference name="exts" value="ebpextensions\building_presentation_ext">
			<file name="construction_stamp" value="art\stamps\scaffolding\abbasid\abb_house_of_wisdom" overrideParent="True" />
		</template_reference>
		<template_reference name="exts" value="ebpextensions\audio_ext">
			<list name="rtpc_events">
			</list>
			<list name="sound_banks">
			</list>
			<string name="single_select_event" value="sfx_ui_landmark_building_selection_play" />
			<int name="music_importance" value="40" />
			<int name="combat_importance" value="-40" />
			<list name="select_audible_to_relation_list">
			</list>
		</template_reference>
		<template_reference name="exts" value="ebpextensions\district_generator_ext">
			<float name="range_metres" value="8" overrideParent="True" />
			<bool name="is_root_generator" value="True" overrideParent="True" />
			<int name="generator_value" value="0" />
			<bool name="disable_generation_on_spawn" value="False" />
			<int name="district_palette_id" value="0" />
		</template_reference>
		<template_reference name="exts" value="ebpextensions\building_presentation_ext">
			<file name="construction_stamp" value="art\stamps\scaffolding\english\eng_white_tower" />
		</template_reference>
	</list>
	<uniqueid name="pbgid" value="199772" />
	<instance_reference name="parent_pbg" value="ebps\races\core\buildings\building_wonder_age2" />
</instance>